,cdc_logit,cg_logit,char_logit,ira_logit,irac_logit,medex_logit,misc_logit,sehi_logit,sep_logit,sl_logit
agede,-2.03129099131,0.351770742395,0.922273728109,2.64006305834,-0.959040597502,2.07008954023,0.769198589487,-0.0684237733397,-0.785117214897,-2.52302726393
constant,-3.44298677304,-4.88711929465,-10.3292925591,-3.05456880227,-4.8444492483,-2.68025714595,-7.277043765,-5.82087101002,-10.4579831937,-2.58357861135
famsize,1.04235052404,-0.025075167211,0.0422221074635,-0.470015324047,-0.103650585263,-0.226052614727,-0.044883789636,0.0184573524748,0.0682405738199,0.0620706426617
lndbe,0.0,0.200702004336,0.0,0.0,0.0,0.0,0.0,0.0,0.0,0.0
lnincome,-0.063191505827,-0.00785370548041,0.840977600265,0.0258315186415,0.0719973425015,-0.0435370094431,0.540477957311,0.254553041045,0.555362009853,-0.0331690440894
lnintst,0.0,-0.106653048366,0.0,0.0,0.0,0.0,0.0,0.0,0.0,0.0
lnpensions,0.0,0.0261687681115,0.0,0.0,0.0,0.0,0.0,0.0,0.0,0.0
mars_reg,-1.38761030009,0.159427382801,0.86826392891,2.42863784504,0.916934249884,1.15982578159,0.677036851757,1.06875951214,0.737025624774,-0.332194961075
